my	name	0.78
my name	is	0.78
name	is	0.78
i	am	0.78
i am	now	0.78
am	now	0.78
now	studying	0.78
studying	in	0.78
studying in	the	0.78
in	the	0.78
in the	university	0.78
the	university	0.78
the university	of	0.78
university	of	0.78
university of	Exeter	0.78
of	Exeter	0.78
thank	you	0.86
thank you	for	0.84
thanks	for	0.82
thanks so	much	0.82
let	me	0.84
let me	know	0.86
please	let	0.84
please let	me	0.86
as	soon	0.80
as soon	as	0.86
soon	as	0.84
in the	morning	0.84
in the	afternoon	0.82
in the	evening	0.82
at the	moment	0.84
at the	end	0.80
at the	same	0.78
by the	way	0.82
for the	update	0.80
for your	help	0.80
for your	time	0.80
if you	have	0.82
if you	need	0.82
if possible	please	0.78
would you	please	0.80
could you	please	0.82
can you	please	0.80
i will	check	0.86
i will	send	0.82
i will	update	0.80
i will	let	0.80
i can	check	0.80
i can	send	0.78
i have	attached	0.84
i have	updated	0.78
i just	wanted	0.80
i wanted	to	0.80
i need	to	0.82
i think	we	0.76
i hope	you	0.80
we can	discuss	0.78
we should	check	0.76
we need	to	0.82
we will	send	0.78
you can	find	0.78
you should	be	0.76
you are	welcome	0.78
are you	available	0.82
are you	free	0.80
do you	have	0.82
do you	think	0.78
do you	know	0.78
this is	a	0.76
this looks	good	0.76
that sounds	good	0.78
it would	be	0.78
it is	important	0.76
it looks	like	0.76
the attached	file	0.78
the meeting	is	0.78
the document	is	0.76
the next	step	0.78
next week	I	0.76
next time	we	0.74
last week	I	0.74
on Monday	I	0.72
on Tuesday	I	0.72
on Wednesday	I	0.72
on Thursday	I	0.72
on Friday	I	0.72
best	regards	0.82
kind	regards	0.82
many	thanks	0.82
with	regards	0.76
see	you	0.78
see you	soon	0.78
talk	to	0.76
talk to	you	0.80
looking	forward	0.82
looking forward	to	0.86
please	find	0.78
please find	attached	0.84
please see	the	0.76
please check	the	0.78
please confirm	that	0.78
please send	me	0.78
let us	know	0.80
feel	free	0.78
feel free	to	0.84
as discussed	please	0.76
as mentioned	above	0.74
in relation	to	0.76
in response	to	0.76
in terms	of	0.78
with regard	to	0.76
with regards	to	0.74
at your	convenience	0.76
when you	have	0.80
when you	get	0.76
once you	have	0.78
before the	meeting	0.76
after the	meeting	0.76
during the	meeting	0.76
could we	please	0.76
would it	be	0.76
happy	to	0.78
happy to	help	0.82
no	problem	0.80
no worries	at	0.76
not sure	if	0.76
make sure	that	0.78
make sure	to	0.78
as well	as	0.78
more than	happy	0.76
going	to	0.78
going to	be	0.78
need to	check	0.78
need to	update	0.76
want to	make	0.76
want to	check	0.76
able	to	0.78
able to	help	0.78
