dont	don't	safe_auto	0.95
cant	can't	safe_auto	0.95
cannot	can't	contextual	0.84
im	I'm	safe_auto	0.95
ive	I've	safe_auto	0.94
id	I'd	contextual	0.82
ill	I'll	contextual	0.82
isnt	isn't	safe_auto	0.95
arent	aren't	safe_auto	0.95
wasnt	wasn't	safe_auto	0.95
werent	weren't	safe_auto	0.95
wont	won't	safe_auto	0.95
wouldnt	wouldn't	safe_auto	0.95
couldnt	couldn't	safe_auto	0.95
shouldnt	shouldn't	safe_auto	0.95
mustnt	mustn't	safe_auto	0.93
doesnt	doesn't	safe_auto	0.95
didnt	didn't	safe_auto	0.95
hasnt	hasn't	safe_auto	0.95
havent	haven't	safe_auto	0.95
hadnt	hadn't	safe_auto	0.95
youre	you're	safe_auto	0.94
youve	you've	safe_auto	0.94
youd	you'd	contextual	0.82
youll	you'll	safe_auto	0.93
theyre	they're	safe_auto	0.94
theyve	they've	safe_auto	0.94
theyd	they'd	contextual	0.82
theyll	they'll	safe_auto	0.93
were	we're	suggest_only	0.65
weve	we've	safe_auto	0.94
wed	we'd	contextual	0.78
well	we'll	contextual	0.78
hes	he's	contextual	0.84
hed	he'd	contextual	0.80
hell	he'll	contextual	0.80
shes	she's	contextual	0.84
shed	she'd	contextual	0.80
shell	she'll	contextual	0.80
itll	it'll	safe_auto	0.90
itd	it'd	contextual	0.78
its	it's	contextual	0.78
thats	that's	safe_auto	0.92
thatll	that'll	safe_auto	0.90
thatd	that'd	contextual	0.78
theres	there's	safe_auto	0.90
therell	there'll	safe_auto	0.88
thered	there'd	contextual	0.78
whats	what's	safe_auto	0.90
whatre	what're	safe_auto	0.88
whatll	what'll	safe_auto	0.88
whod	who'd	contextual	0.78
whos	who's	contextual	0.84
wholl	who'll	safe_auto	0.88
wheres	where's	safe_auto	0.90
whered	where'd	contextual	0.78
whereve	where've	safe_auto	0.86
whens	when's	safe_auto	0.88
whend	when'd	contextual	0.78
whys	why's	safe_auto	0.88
whyd	why'd	contextual	0.78
hows	how's	safe_auto	0.88
howd	how'd	contextual	0.78
lets	let's	contextual	0.84
couldve	could've	safe_auto	0.94
shouldve	should've	safe_auto	0.94
wouldve	would've	safe_auto	0.94
mightve	might've	safe_auto	0.92
mustve	must've	safe_auto	0.92
neednt	needn't	safe_auto	0.90
oughtnt	oughtn't	safe_auto	0.88
shant	shan't	suggest_only	0.70
